{"cameraMode":{"drawMode":0,"name":"Shaded","section":"Shading Mode"},"sceneLighting":true,"audioPlay":false,"sceneViewState":{"showFog":true,"showMaterialUpdate":false,"showSkybox":true,"showFlares":true,"showImageEffects":true,"showParticleSystems":true},"in2DMode":false,"pivot":{"x":6.834000587463379,"y":4.412915229797363,"z":-49.92914581298828},"rotation":{"x":-0.11678847670555115,"y":0.7465845346450806,"z":-0.13609369099140168,"w":-0.6406721472740173},"size":1.3646719455718995,"orthographic":false}